{
  "generation_time": "2025-06-17 13:26:35.164280",
  "feature_types": {
    "f_classic": {
      "shape": [
        200,
        128
      ],
      "dtype": "torch.float32",
      "mean": 20.512649536132812,
      "std": 2265.514404296875,
      "min": -17741.66796875,
      "max": 17155.666015625,
      "median": 18.290489196777344,
      "q25": -1122.4156494140625,
      "q75": 1195.6236572265625,
      "zero_ratio": 0.0,
      "non_zero_ratio": 1.0,
      "nan_count": 0,
      "inf_count": 0
    },
    "f_graph": {
      "shape": [
        200,
        96
      ],
      "dtype": "torch.float32",
      "mean": 60.983768463134766,
      "std": 2588.239990234375,
      "min": -19634.919921875,
      "max": 20646.23046875,
      "median": 39.8426513671875,
      "q25": -1328.9656982421875,
      "q75": 1359.0118408203125,
      "zero_ratio": 0.0,
      "non_zero_ratio": 1.0,
      "nan_count": 0,
      "inf_count": 0
    },
    "f_fused": {
      "shape": [
        200,
        256
      ],
      "dtype": "torch.float32",
      "mean": 0.0032404365483671427,
      "std": 0.42145970463752747,
      "min": -1.7697252035140991,
      "max": 1.8138593435287476,
      "median": -0.001449408009648323,
      "q25": -0.2844005823135376,
      "q75": 0.29025009274482727,
      "zero_ratio": 0.0,
      "non_zero_ratio": 1.0,
      "nan_count": 0,
      "inf_count": 0
    }
  },
  "overall": {
    "total_nodes": 200,
    "total_features": 480,
    "memory_usage_mb": 0.3662109375
  }
}