{
  "layer_statistics": {
    "input_stats": {
      "shape": [
        200,
        128
      ],
      "mean": 20.512649536132812,
      "std": 2265.514404296875,
      "min": -17741.66796875,
      "max": 17155.666015625,
      "sparsity": 0.0,
      "l2_norm": 362497.15625,
      "max_abs": 17741.66796875
    },
    "hidden_stats": {
      "shape": [
        200,
        128
      ],
      "mean": 874.348876953125,
      "std": 1879.4908447265625,
      "min": 0.0,
      "max": 27010.51953125,
      "sparsity": 0.623515625,
      "l2_norm": 331666.21875,
      "max_abs": 27010.51953125
    },
    "output_stats": {
      "shape": [
        200,
        96
      ],
      "mean": 60.983768463134766,
      "std": 2588.239990234375,
      "min": -19634.919921875,
      "max": 20646.23046875,
      "sparsity": 0.0,
      "l2_norm": 358736.59375,
      "max_abs": 20646.23046875
    }
  },
  "graph_info": {
    "num_nodes": 200,
    "num_edges": 4485,
    "input_dim": 128,
    "hidden_dim": 128,
    "output_dim": 96
  },
  "architecture_info": {
    "num_layers": 2,
    "layer_dims": [
      128,
      128,
      96
    ],
    "activation": "ReLU",
    "dropout_rate": 0.2,
    "num_relations": 3,
    "config_dims": {
      "CLASSIC_DIM": 128,
      "GRAPH_OUTPUT_DIM": 96
    }
  }
}