EpochID,Total tx # in this epoch,Normal tx # in this epoch,Relay1 tx # in this epoch,Relay2 tx # in this epoch,Epoch start time,Epoch end time,Avg. TPS of this epoch
0,61884.00000000000000000000000000000000000000000000000000000000,34406,34311,20645,1753117691440,1753117746629,1121.31870790962057071737945079803466796875000000000000000000
1,65350.50000000000000000000000000000000000000000000000000000000,34701,35005,26294,1753117755546,1753117811660,1164.59322246146143697842489928007125854492187500000000000000
