EpochID,Total tx # in this epoch,Normal tx # in this epoch,Relay1 tx # in this epoch,Relay2 tx # in this epoch,Epoch start time,Epoch end time,Avg. TPS of this epoch
0,61958.00000000000000000000000000000000000000000000000000000000,34877,34683,19479,1753026962793,1753027018131,1119.64181263695468260266352444887161254882812500000000000000
1,76186.00000000000000000000000000000000000000000000000000000000,40372,40068,31560,1753027024611,1753027095374,1076.64508251840993580117356032133102416992187500000000000000
2,11856.00000000000000000000000000000000000000000000000000000000,0,0,23712,1753027100669,1753027115574,795.40619645444871821382548660039901733398437500000000000000
0,61958.00000000000000000000000000000000000000000000000000000000,34877,34683,19479,1753026962793,1753027018131,1119.64181263695468260266352444887161254882812500000000000000
1,76186.00000000000000000000000000000000000000000000000000000000,40372,40068,31560,1753027024611,1753027095374,1076.64508251840993580117356032133102416992187500000000000000
2,11856.00000000000000000000000000000000000000000000000000000000,0,0,23712,1753027100669,1753027115574,795.40619645444871821382548660039901733398437500000000000000
