EpochID,Total tx # in this epoch,Normal tx # in this epoch,Relay1 tx # in this epoch,Relay2 tx # in this epoch,Epoch start time,Epoch end time,Avg. TPS of this epoch
0,22479.00000000000000000000000000000000000000000000000000000000,13596,13086,4680,1753521148930,1753521185781,609.99359847280322810547659173607826232910156250000000000000
1,19453.50000000000000000000000000000000000000000000000000000000,10907,10916,6177,1753521190895,1753521225831,556.83196772799010432208888232707977294921875000000000000000
2,8067.50000000000000000000000000000000000000000000000000000000,794,701,13846,1753521230902,1753521255732,324.90985095778006552791339345276355743408203125000000000000
3,0.00000000000000000000000000000000000000000000000000000000,0,0,0,1753521270905,1753521271745,0.00000000000000000000000000000000000000000000000000000000
