EpochID,Total tx # in this epoch,Normal tx # in this epoch,Relay1 tx # in this epoch,Relay2 tx # in this epoch,Epoch start time,Epoch end time,Avg. TPS of this epoch
0,40987.00000000000000000000000000000000000000000000000000000000,24612,24401,8349,1753009474516,1753009530925,726.60386048759846744360402226448059082031250000000000000000
1,41417.00000000000000000000000000000000000000000000000000000000,22834,23696,13470,1753009542825,1753009598989,737.43269802685290414956398308277130126953125000000000000000
2,2860.50000000000000000000000000000000000000000000000000000000,1721,1611,668,1753009610956,1753009611175,13036.15487890799886372406035661697387695312500000000000000000
0,40987.00000000000000000000000000000000000000000000000000000000,24612,24401,8349,1753009474516,1753009530925,726.60386048759846744360402226448059082031250000000000000000
1,41417.00000000000000000000000000000000000000000000000000000000,22834,23696,13470,1753009542825,1753009598989,737.43269802685290414956398308277130126953125000000000000000
2,2860.50000000000000000000000000000000000000000000000000000000,1721,1611,668,1753009610956,1753009611175,13036.15487890799886372406035661697387695312500000000000000000
0,39633.00000000000000000000000000000000000000000000000000000000,23266,22975,9759,1753015118868,1753015169214,787.20524702120485471823485568165779113769531250000000000000
0,39633.00000000000000000000000000000000000000000000000000000000,23266,22975,9759,1753015118868,1753015169214,787.20524702120485471823485568165779113769531250000000000000
