EpochID,Total tx # in this epoch,CTX # in this epoch,Normal tx # in this epoch,Relay1 tx # in this epoch,Relay2 tx # in this epoch,CTX ratio of this epoch
0,61958.00000000000000000000000000000000000000000000000000000000,27081.00000000000000000000000000000000000000000000000000000000,34877,34683,19479,0.43708641337680365079876310119288973510265350341796875000
1,76186.00000000000000000000000000000000000000000000000000000000,35814.00000000000000000000000000000000000000000000000000000000,40372,40068,31560,0.47008636757409499873361369282065425068140029907226562500
2,11856.00000000000000000000000000000000000000000000000000000000,11856.00000000000000000000000000000000000000000000000000000000,0,0,23712,1.00000000000000000000000000000000000000000000000000000000
0,61958.00000000000000000000000000000000000000000000000000000000,27081.00000000000000000000000000000000000000000000000000000000,34877,34683,19479,0.43708641337680365079876310119288973510265350341796875000
1,76186.00000000000000000000000000000000000000000000000000000000,35814.00000000000000000000000000000000000000000000000000000000,40372,40068,31560,0.47008636757409499873361369282065425068140029907226562500
2,11856.00000000000000000000000000000000000000000000000000000000,11856.00000000000000000000000000000000000000000000000000000000,0,0,23712,1.00000000000000000000000000000000000000000000000000000000
