EpochID,Total tx # in this epoch,CTX # in this epoch,Normal tx # in this epoch,Relay1 tx # in this epoch,Relay2 tx # in this epoch,CTX ratio of this epoch
0,63003.50000000000000000000000000000000000000000000000000000000,27567.50000000000000000000000000000000000000000000000000000000,35436,35074,20061,0.43755505646511699824330321462184656411409378051757812500
1,62341.50000000000000000000000000000000000000000000000000000000,29658.50000000000000000000000000000000000000000000000000000000,32683,33364,25953,0.47574248293672755094618764815095346421003341674804687500
