EpochID,Total tx # in this epoch,CTX # in this epoch,Normal tx # in this epoch,Relay1 tx # in this epoch,Relay2 tx # in this epoch,CTX ratio of this epoch
0,61884.00000000000000000000000000000000000000000000000000000000,27478.00000000000000000000000000000000000000000000000000000000,34406,34311,20645,0.44402430353564731335680448864877689629793167114257812500
1,65350.50000000000000000000000000000000000000000000000000000000,30649.50000000000000000000000000000000000000000000000000000000,34701,35005,26294,0.46900176739275140080920323271129745990037918090820312500
