EpochID,Total tx # in this epoch,CTX # in this epoch,Normal tx # in this epoch,Relay1 tx # in this epoch,Relay2 tx # in this epoch,CTX ratio of this epoch
0,40987.00000000000000000000000000000000000000000000000000000000,16375.00000000000000000000000000000000000000000000000000000000,24612,24401,8349,0.39951691999902405605382682551862671971321105957031250000
1,41417.00000000000000000000000000000000000000000000000000000000,18583.00000000000000000000000000000000000000000000000000000000,22834,23696,13470,0.44868049351715477701674217314575798809528350830078125000
2,2860.50000000000000000000000000000000000000000000000000000000,1139.50000000000000000000000000000000000000000000000000000000,1721,1611,668,0.39835693060653731834008794976398348808288574218750000000
0,40987.00000000000000000000000000000000000000000000000000000000,16375.00000000000000000000000000000000000000000000000000000000,24612,24401,8349,0.39951691999902405605382682551862671971321105957031250000
1,41417.00000000000000000000000000000000000000000000000000000000,18583.00000000000000000000000000000000000000000000000000000000,22834,23696,13470,0.44868049351715477701674217314575798809528350830078125000
2,2860.50000000000000000000000000000000000000000000000000000000,1139.50000000000000000000000000000000000000000000000000000000,1721,1611,668,0.39835693060653731834008794976398348808288574218750000000
