EpochID,Total tx # in this epoch,Normal tx # in this epoch,Relay1 tx # in this epoch,Relay2 tx # in this epoch,Sum of Relay1 TCL (ms) (Duration: Relay1 Tx Propose -> Relay1 Tx Commit),Sum of Relay2 TCL (ms) (Duration: Relay2 Tx Propose -> Relay2 Tx Commit),Sum of innerShardTx TCL (ms),Sum of CTX TCL (ms) (Duration: Relay1 Tx Propose -> Relay2 Tx Commit),Sum of All Tx TCL (sec.)
0,40987.00000000000000000000000000000000000000000000000000000000,24612,24401,8349,497394116,150031320,493099918,224614876,717732.40579408360645174980163574218750000000000000000000000000
1,41417.00000000000000000000000000000000000000000000000000000000,22834,23696,13470,1389323678,757130055,1353200857,1103248256,2456467.24499672651290893554687500000000000000000000000000000000
2,2860.50000000000000000000000000000000000000000000000000000000,1721,1611,668,109247569,45500820,116575947,76005721,192583.17872540018288418650627136230468750000000000000000000000
0,40987.00000000000000000000000000000000000000000000000000000000,24612,24401,8349,497394116,150031320,493099918,224614876,717732.40579408360645174980163574218750000000000000000000000000
1,41417.00000000000000000000000000000000000000000000000000000000,22834,23696,13470,1389323678,757130055,1353200857,1103248256,2456467.24499672651290893554687500000000000000000000000000000000
2,2860.50000000000000000000000000000000000000000000000000000000,1721,1611,668,109247569,45500820,116575947,76005721,192583.17872540018288418650627136230468750000000000000000000000
0,39633.00000000000000000000000000000000000000000000000000000000,23266,22975,9759,439782802,175426901,439204150,268945591,708166.75314807414542883634567260742187500000000000000000000000
0,39633.00000000000000000000000000000000000000000000000000000000,23266,22975,9759,439782802,175426901,439204150,268945591,708166.75314807414542883634567260742187500000000000000000000000
