EpochID,Total tx # in this epoch,Normal tx # in this epoch,Relay1 tx # in this epoch,Relay2 tx # in this epoch,Sum of Relay1 TCL (ms) (Duration: Relay1 Tx Propose -> Relay1 Tx Commit),Sum of Relay2 TCL (ms) (Duration: Relay2 Tx Propose -> Relay2 Tx Commit),Sum of innerShardTx TCL (ms),Sum of CTX TCL (ms) (Duration: Relay1 Tx Propose -> Relay2 Tx Commit),Sum of All Tx TCL (sec.)
0,61958.00000000000000000000000000000000000000000000000000000000,34877,34683,19479,506697490,246507781,509280045,442609820,951916.79710959736257791519165039062500000000000000000000000000
1,76186.00000000000000000000000000000000000000000000000000000000,40372,40068,31560,1567992730,1289544299,1579301993,2103562406,3682900.35397556750103831291198730468750000000000000000000000000
2,11856.00000000000000000000000000000000000000000000000000000000,0,0,23712,0,842926764,0,1907534042,1907546.51726287906058132648468017578125000000000000000000000000
0,61958.00000000000000000000000000000000000000000000000000000000,34877,34683,19479,506697490,246507781,509280045,442609820,951916.79710959736257791519165039062500000000000000000000000000
1,76186.00000000000000000000000000000000000000000000000000000000,40372,40068,31560,1567992730,1289544299,1579301993,2103562406,3682900.35397556750103831291198730468750000000000000000000000000
2,11856.00000000000000000000000000000000000000000000000000000000,0,0,23712,0,842926764,0,1907534042,1907546.51726287906058132648468017578125000000000000000000000000
