EpochID,Total tx # in this epoch,Normal tx # in this epoch,Relay1 tx # in this epoch,Relay2 tx # in this epoch,Sum of Relay1 TCL (ms) (Duration: Relay1 Tx Propose -> Relay1 Tx Commit),Sum of Relay2 TCL (ms) (Duration: Relay2 Tx Propose -> Relay2 Tx Commit),Sum of innerShardTx TCL (ms),Sum of CTX TCL (ms) (Duration: Relay1 Tx Propose -> Relay2 Tx Commit),Sum of All Tx TCL (sec.)
0,61884.00000000000000000000000000000000000000000000000000000000,34406,34311,20645,480670555,249385053,477927283,455663416,933617.75409417483024299144744873046875000000000000000000000000
1,65350.50000000000000000000000000000000000000000000000000000000,34701,35005,26294,1269311381,813380403,1240565345,1549341014,2789938.25698707951232790946960449218750000000000000000000000000
