EpochID,Total tx # in this epoch,Normal tx # in this epoch,Relay1 tx # in this epoch,Relay2 tx # in this epoch,Sum of Relay1 TCL (ms) (Duration: Relay1 Tx Propose -> Relay1 Tx Commit),Sum of Relay2 TCL (ms) (Duration: Relay2 Tx Propose -> Relay2 Tx Commit),Sum of innerShardTx TCL (ms),Sum of CTX TCL (ms) (Duration: Relay1 Tx Propose -> Relay2 Tx Commit),Sum of All Tx TCL (sec.)
0,63003.50000000000000000000000000000000000000000000000000000000,35436,35074,20061,528330726,253396180,532348337,466775612,999150.94907302444335073232650756835937500000000000000000000000
1,62341.50000000000000000000000000000000000000000000000000000000,32683,33364,25953,1179144750,883434239,1161309146,1568990153,2730328.37566523160785436630249023437500000000000000000000000000
