EpochID,Total tx # in this epoch,Normal tx # in this epoch,Relay1 tx # in this epoch,Relay2 tx # in this epoch
0,61958.00000000000000000000000000000000000000000000000000000000,34877,34683,19479
1,76186.00000000000000000000000000000000000000000000000000000000,40372,40068,31560
2,11856.00000000000000000000000000000000000000000000000000000000,0,0,23712
