EpochID,Total tx # in this epoch,Normal tx # in this epoch,Relay1 tx # in this epoch,Relay2 tx # in this epoch
0,63003.50000000000000000000000000000000000000000000000000000000,35436,35074,20061
1,62341.50000000000000000000000000000000000000000000000000000000,32683,33364,25953
