EpochID,Total tx # in this epoch,Normal tx # in this epoch,Relay1 tx # in this epoch,Relay2 tx # in this epoch
0,22479.00000000000000000000000000000000000000000000000000000000,13596,13086,4680
1,19453.50000000000000000000000000000000000000000000000000000000,10907,10916,6177
2,8067.50000000000000000000000000000000000000000000000000000000,794,701,13846
3,0.00000000000000000000000000000000000000000000000000000000,0,0,0
