EpochID,Total tx # in this epoch,Normal tx # in this epoch,Relay1 tx # in this epoch,Relay2 tx # in this epoch
0,61884.00000000000000000000000000000000000000000000000000000000,34406,34311,20645
1,65350.50000000000000000000000000000000000000000000000000000000,34701,35005,26294
