EpochID,Total tx # in this epoch,Normal tx # in this epoch,Relay1 tx # in this epoch,Relay2 tx # in this epoch
0,40987.00000000000000000000000000000000000000000000000000000000,24612,24401,8349
1,41417.00000000000000000000000000000000000000000000000000000000,22834,23696,13470
2,2860.50000000000000000000000000000000000000000000000000000000,1721,1611,668
