{
  "cycle_id": "cycle_0",
  "timestamp": 1752862838.2524707,
  "num_shards": 1,
  "shard_assignment": [
    0,
    0,
    0,
    0,
    0,
    0,
    0,
    0,
    0,
    0,
    0,
    0,
    0,
    0,
    0,
    0,
    0,
    0,
    0,
    0,
    0,
    0,
    0,
    0,
    0
  ],
  "performance_score": 0.477895587682724,
  "status": "completed"
}