EpochID,Total tx # in this epoch,Normal tx # in this epoch,Relay1 tx # in this epoch,Relay2 tx # in this epoch,Epoch start time,Epoch end time,Avg. TPS of this epoch
0,28861.00000000000000000000000000000000000000000000000000000000,17722,17377,4901,1753465264092,1753465310250,625.27482611640914456074824556708335876464843750000000000000
1,25723.00000000000000000000000000000000000000000000000000000000,15446,15296,5258,1753465319129,1753465370147,504.19339279500860584448673762381076812744140625000000000000
