EpochID,Total tx # in this epoch,Normal tx # in this epoch,Relay1 tx # in this epoch,Relay2 tx # in this epoch,Epoch start time,Epoch end time,Avg. TPS of this epoch
0,58662.00000000000000000000000000000000000000000000000000000000,16785,51233,32521,1752764360177,1752764421387,958.37765590446485930442577227950096130371093750000000000000
1,41338.00000000000000000000000000000000000000000000000000000000,24927,7055,25767,1752764430296,1752764475211,920.36098851101644413574831560254096984863281250000000000000
0,58662.00000000000000000000000000000000000000000000000000000000,16785,51233,32521,1752764360177,1752764421387,958.37765590446485930442577227950096130371093750000000000000
1,41338.00000000000000000000000000000000000000000000000000000000,24927,7055,25767,1752764430296,1752764475211,920.36098851101644413574831560254096984863281250000000000000
