EpochID,Total tx # in this epoch,CTX # in this epoch,Normal tx # in this epoch,Relay1 tx # in this epoch,Relay2 tx # in this epoch,CTX ratio of this epoch
0,58662.00000000000000000000000000000000000000000000000000000000,41877.00000000000000000000000000000000000000000000000000000000,16785,51233,32521,0.71386928505676583434080839651869609951972961425781250000
1,41338.00000000000000000000000000000000000000000000000000000000,16411.00000000000000000000000000000000000000000000000000000000,24927,7055,25767,0.39699550050800713751897319525596685707569122314453125000
0,58662.00000000000000000000000000000000000000000000000000000000,41877.00000000000000000000000000000000000000000000000000000000,16785,51233,32521,0.71386928505676583434080839651869609951972961425781250000
1,41338.00000000000000000000000000000000000000000000000000000000,16411.00000000000000000000000000000000000000000000000000000000,24927,7055,25767,0.39699550050800713751897319525596685707569122314453125000
