EpochID,Total tx # in this epoch,CTX # in this epoch,Normal tx # in this epoch,Relay1 tx # in this epoch,Relay2 tx # in this epoch,CTX ratio of this epoch
0,28861.00000000000000000000000000000000000000000000000000000000,11139.00000000000000000000000000000000000000000000000000000000,17722,17377,4901,0.38595336266934615609969227989495266228914260864257812500
1,25723.00000000000000000000000000000000000000000000000000000000,10277.00000000000000000000000000000000000000000000000000000000,15446,15296,5258,0.39952571628503674716625937435310333967208862304687500000
