EpochID,Total tx # in this epoch,Normal tx # in this epoch,Relay1 tx # in this epoch,Relay2 tx # in this epoch,Sum of Relay1 TCL (ms) (Duration: Relay1 Tx Propose -> Relay1 Tx Commit),Sum of Relay2 TCL (ms) (Duration: Relay2 Tx Propose -> Relay2 Tx Commit),Sum of innerShardTx TCL (ms),Sum of CTX TCL (ms) (Duration: Relay1 Tx Propose -> Relay2 Tx Commit),Sum of All Tx TCL (sec.)
0,28861.00000000000000000000000000000000000000000000000000000000,17722,17377,4901,369317499,97049831,370635042,138587832,509234.03974086471134796738624572753906250000000000000000000000
1,25723.00000000000000000000000000000000000000000000000000000000,15446,15296,5258,945450721,293651730,954672884,395558787,1350242.00374275795184075832366943359375000000000000000000000000
