EpochID,Total tx # in this epoch,Normal tx # in this epoch,Relay1 tx # in this epoch,Relay2 tx # in this epoch,Sum of Relay1 TCL (ms) (Duration: Relay1 Tx Propose -> Relay1 Tx Commit),Sum of Relay2 TCL (ms) (Duration: Relay2 Tx Propose -> Relay2 Tx Commit),Sum of innerShardTx TCL (ms),Sum of CTX TCL (ms) (Duration: Relay1 Tx Propose -> Relay2 Tx Commit),Sum of All Tx TCL (sec.)
0,28221.00000000000000000000000000000000000000000000000000000000,8442,25992,13566,261198583,122478337,84039334,220854288,304904.59478208422660827636718750000000000000000000000000000000
1,32560.00000000000000000000000000000000000000000000000000000000,9120,27268,19612,739952025,484650707,246979014,808213973,1055207.38961674342863261699676513671875000000000000000000000000
2,29219.00000000000000000000000000000000000000000000000000000000,4855,14323,34405,572546074,919140596,193416073,2070932708,2264368.37032868713140487670898437500000000000000000000000000000
