EpochID,Total tx # in this epoch,Normal tx # in this epoch,Relay1 tx # in this epoch,Relay2 tx # in this epoch
0,58662.00000000000000000000000000000000000000000000000000000000,16785,51233,32521
1,41338.00000000000000000000000000000000000000000000000000000000,24927,7055,25767
