EpochID,Total tx # in this epoch,Normal tx # in this epoch,Relay1 tx # in this epoch,Relay2 tx # in this epoch
0,28221.00000000000000000000000000000000000000000000000000000000,8442,25992,13566
1,32560.00000000000000000000000000000000000000000000000000000000,9120,27268,19612
2,29219.00000000000000000000000000000000000000000000000000000000,4855,14323,34405
