EpochID,Total tx # in this epoch,Normal tx # in this epoch,Relay1 tx # in this epoch,Relay2 tx # in this epoch
0,28861.00000000000000000000000000000000000000000000000000000000,17722,17377,4901
1,25723.00000000000000000000000000000000000000000000000000000000,15446,15296,5258
